{"ACK_BOHNE":["ZW_VOR","ZW_NACH","US_VOR"],"DINKEL":["STROH","ZW_NACH","US_NACH","DUNG","REDUCED"],"FTTR_ERBSE":["ZW_VOR","ZW_NACH","REDUCED"],"FTTR_RUEBE":["ZW_VOR","DUNG"],"HAFER":["STROH","ZW_VOR","ZW_NACH","US_VOR","US_NACH","DUNG","REDUCED","MECH_QUECK"],"KRN_MAIS":["STROH","ZW_VOR","US_VOR","DUNG"],"LEG_GRAS":["DUNG"],"LUPINE":["ZW_VOR","ZW_NACH","REDUCED"],"SILO_MAIS":["ZW_VOR","US_VOR","DUNG"],"SOJA":["ZW_NACH","US_VOR","US_NACH"],"SM_WEIZEN":["STROH","ZW_VOR","ZW_NACH","US_VOR","DUNG","REDUCED"],"SM_GERST":["STROH","ZW_VOR","ZW_NACH","US_VOR","REDUCED","MECH_QUECK"],"SP_KART":["ZW_VOR","ZW_NACH","US_VOR","DUNG"],"SP_MOEHR":["ZW_VOR","US_VOR","DUNG"],"STECK_RUEBE":["ZW_VOR","US_VOR"],"TRITICALE":["STROH","ZW_NACH","US_NACH","DUNG","REDUCED"],"WN_GERSTE":["STROH","ZW_NACH","DUNG","REDUCED"],"WN_RAPS":["ZW_NACH","DUNG","REDUCED"],"WN_ROGGEN":["STROH","ZW_NACH","US_NACH","DUNG","REDUCED","MECH_QUECK"],"WN_WEIZEN":["STROH","ZW_VOR","ZW_NACH","US_VOR","US_NACH","DUNG","REDUCED"],"ZUCKER_RUEBE":["ZW_VOR","DUNG"],"ZWIBELN":["ZW_VOR","DUNG"]}