{"WELCOME_TAB":"Willkommen","SETTINGS_TAB":"Einstellungen","FRUCHTFOLGE_TAB":"Fruchtfolge","EVAL_TAB":"Auswertung","ECO_TAB":"Ökonomie","MAP_SETTINGS":"Standort","SOIL_SETTINGS":"Bodeneinstellungen","PHYTO_SETTINGS":"Phytosanitäre Restriktionen / Anbaupause","MAP_SELECT":"Kartenauswahl","FF_CREATE":"Fruchtfolge Erstellung","OPTIONS":"Optionen","SOIL_TYPE":"Bodenart","SOIL_T":"Ton","SOIL_tL":"toniger Lehm","SOIL_utL":"schluffig-toniger Lehm","SOIL_L":"Lehm","SOIL_uL":"schluffiger Lehm","SOIL_sL":"sandiger Lehm","SOIL_lU":"lehmiger Schluff","SOIL_ssL":"stark sandiger Lehm","SOIL_sU":"sandiger Schluff","SOIL_lS":"lehmiger Sand","SOIL_S":"Sand","N_LOESLICH":"Löslicher Anteil","HUMUS_HE":"Humus Eqivalent","ackerzahl":"Ackerzahl","ACKERZAHL":"Ackerzahl","NFK":"Nutzbare Feldkapazität","NUTZ_FELD_KAPA":"Nutzbare Feldkapazität","FELD_KAPA":"Feldkapazität","N_DEPO":"N Deposition","HUMUSOB":"Humus Oberboden","help_ackerzahl":"Mittlere Ackerzahl aller zu verwendender Flächen","WINTER_NIEDERSCHLAG":"Winter Niederschlag","winter_niederschlag":"Winter Niederschlag","help_winter_niederschlag":"Niederschlag im Zeitraum von November bis April","ATMOS_N_EINTRAG":"Atmosphärischer Stickstoffeintrag","help_ATMOS_N_EINTRAG":"Informationen zum atmosphärischen Stickstoffeintrag finden Sie auf der Deutschlandkarte der N-Emissionen vom Umwelt Bundesamt unter:  <a href='https://gis.uba.de/website/depo1/' >https://gis.uba.de/website/depo1/</a> ","AVG_LEGUMSHARE_COVERCROP":"Durchschnittlicher Leguminosenanteil der Zwischenfrüchte","help_AVG_LEGUMSHARE_COVERCROP":"Legt den standortspezifischen Standartwert für den Leguminosenanteil im Aufwuchs der Zwischenfrüchte fest. Dieser kann bei der Verwendung von Zwischenfrüchten weoter angepasst werden.","HUMUS_BILANZ_METHODE":"Humusbilanzmethode","USE_SPECIAL_SOIL_PROPS":"Erweiterte Bodenparameter benutzen","BKR":"Bodenklimaraum","help_BKR":"Bitte Bodenklimaraum auswählen","MIN_RATE_OBS":"Jährliche Mineralisierungsrate OBS","ORG_SUBS":"Organische Bodensubstanz (OBS)","C_N_QUOT":"C:N Verhältnis der OBS","OBERBODEN":"Oberboden","PARTICLE_GEQ_2MM":"Steingehalt (Partikel > 2 mm)","ROHDICHTE_TOPSOIL":"Trockenrohdichte im Oberboden","FF_RESTRICIONS":"Restriktionen","FF_LENGTH":"Länge der Fruchtfolge","FF_Kultur":"Fruchtart","FF_SCHNITTNUTZ":"Schnittnutzung","FF_ANBAUOPTS":"Weiterte Anbauoptionen","FF_DUNGUNG":"Organische Düngung","ACK_BOHNE":"Ackerbohne","DINKEL":"Dinkel","FTTR_ERBSE":"Futtererbse","FTTR_RUEBE":"Futterrübe","HAFER":"Hafer","KRN_MAIS":"Körnermais","LEG_GRAS":"Leguminosengras","LUPINE":"Lupine","SILO_MAIS":"Silomais","SOJA":"Soja","SM_WEIZEN":"Sommerweizen","SM_GERST":"Sommergerste","SP_KART":"Speisekartoffeln","SP_MOEHR":"Speisemöhren","STECK_RUEBE":"Steckrüben","TRITICALE":"Triticale","WN_GERSTE":"Wintergerste","WN_RAPS":"Winterraps","WN_ROGGEN":"Winterroggen","WN_WEIZEN":"Winterweizen","ZUCKER_RUEBE":"Zuckerrübe","ZWIBELN":"Zwiebeln","TM":"Trockenmasse","N/FM":"Stickstoff","Navil_spring":"N Verfügbarkeit (bei Frühjahrsgabe) ","Navil_autumn":"N Verfügbarkeit (bei Herbstgabe)","Nloss":"N Ausbringungs Verluste","P/FM":"Phosphor","K/FM":"Kalium","YIELD_PLUS_FERT":"Mehrertrag durch Düngung","YIELD_TOTAL":"Gesamt Ertrag","DUNG_PROPS":"Düngereinstellungen","ANBAU_JAHR":"Anbaujahr","VERKRAUTUNG":"Verunkrautungseinstellungen","Auswahl":"Auswahl","Anbau":"Anbau","Dünger":"Dünger","Schnittnutzung":"Schnittnutzung","LIMIT_CROP_SELECT":"Fruchtartauswahl einschränken","LIMIT_CROP_SELECT_SUB":"Die auswahl der Fruchtart kann durch verschiedene Restriktionen eingeschränkt werden","RESTRICT_PHYTO":"Phythonsanitäre Restriktionen","RESTRICT_TIME":"Aussaat/Erntezeit","ANBAU_OPTS":"Anbauoptionen:","ANUBAU_OPTS_SUB":"Bitte anbauoptionen anpassen.","Ansaat":"Ansaat","Nebenprodukternte":"Nebenprodukternte","Zwischenfrucht_select":"Zwischenfrucht (nach Ernte der Vorfrucht)","Zwischefruchtanbau":"Zwischefruchtanbau","LEG_SELECT_IN_ZW":"Leguminosenanteil im Aufwuchs der Zwischenfrucht","SEL_WINTER_HARD":"Winterhärte der Zwischenfrucht","SEL_ZW_NUTZ":"Schnittnutzung der Zwischenfrucht","Abfuhr":"Abfuhr","Einarbeitung":"Einarbeitung","abfrierend":"abfrierend","frosthart":"frosthart"}